cluster,gene,mean,min,Q1,median,Q3,max
4,IGFBP2,0.0341891215753862,-0.26763224806495,-0.185847794018123,-0.161807812905793,-0.13019881100379,6.18900504733809
4,ATP1A2,0.15537444030127,-0.480705004194112,-0.369771633549582,-0.327915600064691,-0.279804004056004,6.85695723125207
4,CLIC3,0.344239850003831,-0.747283591229095,-0.563781557537627,-0.48310094122406,1.42641552093912,6.78159075458016
4,WT1,0.250032571290147,-0.691580773071885,-0.542468111899564,-0.478234679767128,-0.173244515072821,6.76871592224418
4,ADIG,0.0979510647659239,-0.45894561213037,-0.346435810994601,-0.305741382462207,-0.25974404542471,6.89461367212157
4,RHBG,-0.0049150737472721,-1.87084024128185,-1.18983196582539,-0.161257034351103,0.743423664582223,6.40652541237988
4,SPRR1A,0.464394373326418,-0.656645739216715,-0.470855025722379,-0.41338265355489,1.23050887596047,6.86946349109237
4,CIDEC,0.339098389626902,-0.671480043056134,-0.500350154947888,-0.422200077230029,-0.141130007644436,6.86882228017585
4,PPARG,-0.000639714743115243,-0.358654170126896,-0.266090934966648,-0.237880317725458,-0.202014851771283,5.6504898936144
4,PTPRO,0.100645347832473,-0.744069179761086,-0.579527009551319,-0.510642767829717,-0.17928280089243,6.54992894796996
4,LIPE,0.0700214764835919,-0.785897091087533,-0.576533316202751,-0.49633180173147,0.055203242916991,4.24173846407925
4,FXYD3,0.205754202812081,-0.434818975742058,-0.317752408465264,-0.274504535122937,-0.221055095814851,6.92859877716878
4,PLIN1,0.0779208830326766,-0.28138939418263,-0.212057828257413,-0.189247969541663,-0.162203959806218,6.51984661491396
4,THRSP,-0.0647296236542888,-0.660699963813155,-0.483689319371079,-0.424058594780184,-0.328981190593267,3.77586725020881
4,SCNN1B,-0.451064676349909,-1.62722867034555,-1.2103443134922,-0.999189730276327,-0.132403773445982,4.68428740687837
4,COX8B,0.0251805796160578,-0.243112818090726,-0.173453412415131,-0.153126118632475,-0.1260527213405,5.67574622800229
4,CDKN1C,0.116140088981345,-0.833154811121739,-0.63761767048799,-0.553808527598967,0.0401187576411075,6.78139624580851
4,RETN,0.629807493604143,-0.698707900132035,-0.512367361316286,-0.429006329917029,1.42364087222979,6.84345884333599
4,PTH1R,1.4401343329059,-1.2437993605671,0.278744019788896,1.33100204089055,2.40411687116489,6.26345579507375
4,SLC26A4,-0.100463261500125,-1.4170028706283,-1.0778527382343,-0.880303193254914,0.49773279052148,6.48739828579469
4,PRKAR2B,0.00626351569755984,-0.399106973221432,-0.301674792743462,-0.271555047084132,-0.230570119468339,6.89753283977209
4,SLC1A3,-0.0194606379020172,-0.454216345789308,-0.345756736534519,-0.309743462056044,-0.266825180235002,4.69074453022281
4,PSCA,0.15191685623868,-0.483897510771952,-0.348308384505866,-0.299072487305723,-0.236990245712193,6.92635861933963
4,LY6D,0.308794721685317,-0.519485004691383,-0.373139341747651,-0.31635432954992,-0.241109939138265,6.91543269354947
4,UPK3A,0.124136587675184,-0.39037237209452,-0.279553345055577,-0.23968510965382,-0.193405151034713,5.99722580927744
4,ADIPOQ,0.205781124773598,-0.566081565035597,-0.419008561370561,-0.353084017142003,-0.268690569241562,6.63995915015872
4,APOD,0.141152997471633,-0.539226028251222,-0.401360875773483,-0.352189691834941,-0.288603884360123,6.86815713875585
4,UPK1B,-0.0174952030849496,-0.335194257491403,-0.244076178501199,-0.21558752480368,-0.180043780545122,6.93969987453766
4,PLIN4,-0.0200116563847472,-0.60363953575018,-0.451017363970965,-0.396475915907489,-0.324854623043601,6.35080928665123
4,C3,0.659643889521265,-1.76598865903252,-0.451501348693108,0.422220519121224,1.57685955063521,6.43095458988432
4,CIDEA,0.0575448493077707,-0.277577959944092,-0.19724549370315,-0.169966725256609,-0.138983995156436,6.95687576677534
8,IGFBP2,-0.112484098631037,-0.310344507316665,-0.24804133268774,-0.215062343217951,-0.187636918890554,3.03258261850394
8,ATP1A2,-0.28452910573509,-0.544730586320551,-0.455513212727663,-0.406413879032391,-0.368543373303435,2.08375707550952
8,CLIC3,-0.268268400318272,-0.862060704872024,-0.724743972662856,-0.642156673388734,-0.550091001413775,6.41966975799465
8,WT1,-0.0792255199311292,-0.792666536730063,-0.666539432521362,-0.599036467303628,-0.517948107058201,6.067208449226
8,ADIG,-0.253049979608507,-0.525520913923027,-0.432038191800522,-0.387686176562813,-0.349304961015584,3.50289054310957
8,RHBG,-0.309118111310802,-2.04167607695587,-1.37064713660086,-0.787985322779129,0.359383843323837,4.16891446145987
8,SPRR1A,-0.0897373511518541,-0.752068225166907,-0.612590846444151,-0.536031539021184,-0.437183972624881,6.86946349109237
8,CIDEC,-0.320987242867721,-0.769245998438675,-0.627040721887274,-0.547879357885683,-0.486310379924854,2.73860338118602
8,PPARG,-0.218015751349054,-0.413284730743515,-0.338117438787616,-0.300521263489708,-0.270648476569377,3.4465724020886
8,PTPRO,-0.126911923742753,-0.854695914946839,-0.712409587499718,-0.628932198184685,-0.541233433404474,6.76381681451484
8,LIPE,-0.0938910022779995,-0.879456887701894,-0.668015047597491,-0.587713016680752,0.556829984238596,2.68053877967567
8,FXYD3,-0.176150880498976,-0.50299551448234,-0.409181852526886,-0.360824062085242,-0.319684393990251,6.92859877716878
8,PLIN1,-0.167278117108333,-0.323594279692076,-0.265607811455581,-0.236836417485281,-0.214087078336543,3.71906894603576
8,THRSP,-0.18131141807869,-0.780588505810395,-0.613773827903471,-0.531134630626059,-0.447100936254005,2.89401247609415
8,SCNN1B,-0.317469024714416,-1.83429779956544,-1.31788959478293,-0.476447709734624,0.285796989527268,5.72895363538622
8,COX8B,-0.176247672024582,-0.28483048731095,-0.227520507483095,-0.200817020501229,-0.178413105776431,2.70695577764817
8,CDKN1C,-0.0696369976951937,-0.950929161846872,-0.766530953134745,-0.666224941818477,0.537396856916984,6.78139624580851
8,RETN,-0.0729024890854439,-0.796780471890985,-0.653421126168619,-0.570061873758398,-0.473102713046432,6.84345884333599
8,PTH1R,1.44027298524852,-1.39566279524696,0.5098671253822,1.26490520036675,2.3665472158288,4.78611591912885
8,SLC26A4,-0.262587328835769,-1.5685933706881,-1.22730058920598,-0.785270991526737,0.274197354321186,4.63003998585726
8,PRKAR2B,-0.210579960250395,-0.456758535680242,-0.377426850407639,-0.335127718704193,-0.3017255912197,2.63451824260019
8,SLC1A3,-0.238491658726022,-0.511648302983702,-0.429659468240348,-0.384320818430087,-0.343913457332899,2.77299119015705
8,PSCA,-0.0446655266175998,-0.559843224672012,-0.451705570077453,-0.395769432587262,-0.347244851999472,5.62998000832597
8,LY6D,-0.0672372661986508,-0.589937145768186,-0.482509269380171,-0.414426003807595,-0.360191760425766,5.74986194567524
8,UPK3A,-0.01867447725271,-0.454886160658957,-0.364988841978848,-0.318766995046183,-0.275032097437086,6.72585925254253
8,ADIPOQ,0.0431503828075476,-0.65012060248851,-0.524990710206488,-0.455884355327988,-0.384113661397957,4.66250184471955
8,APOD,0.0642293527108045,-0.614689675176653,-0.507237654423608,-0.440209350906865,-0.382023025385355,4.3361968606738
8,UPK1B,-0.162382153210033,-0.389585534715352,-0.315300462428535,-0.279580809631365,-0.245681662133704,5.30804361451003
8,PLIN4,-0.232634238918547,-0.699551769684565,-0.573028703513791,-0.492316817132059,-0.429978368560138,2.37222789702307
8,C3,0.144799444283993,-2.1071107015511,-0.937147430981897,0.000532626310486672,0.75454149197323,6.43095458988432
8,CIDEA,-0.106375295315583,-0.326120089162184,-0.259358546696945,-0.225038092552309,-0.197628664744811,3.32454395502625
7,IGFBP2,-0.145883598534129,-0.385299914580692,-0.320628045645098,-0.285377843627923,-0.246233392845434,5.68265303066698
7,ATP1A2,-0.17770494011232,-0.635461640541337,-0.550556035692661,-0.501666398918037,-0.442673836351318,5.58568523715195
7,CLIC3,-0.443364592476524,-1.00151137805953,-0.854593737894604,-0.749322522236743,-0.645995947206953,5.66305152020333
7,WT1,-0.375397084432736,-0.915707379203252,-0.785276444461091,-0.707716713412184,-0.609512255550071,4.74533194630578
7,ADIG,-0.224262842152807,-0.619873690202745,-0.527529345219581,-0.480343802283903,-0.414799901260768,5.63775901388444
7,RHBG,-1.04555948099716,-2.24507464420165,-1.79253321768,-1.34682425192997,-0.658047588614539,3.77676059001672
7,SPRR1A,-0.311780042947954,-0.887173269513393,-0.739395980460853,-0.647836568949142,-0.530264376057849,2.45980513654503
7,CIDEC,-0.292127690380283,-0.907605116501353,-0.761838360826034,-0.682096336057044,-0.546442521885406,3.79883283505715
7,PPARG,-0.184728203495554,-0.490783890164596,-0.417226351995936,-0.37653518725427,-0.331284465251301,2.78420742384472
7,PTPRO,-0.340992900978543,-0.989203648777092,-0.837293327834399,-0.746033983463862,-0.605248079999314,5.23445173984131
7,LIPE,-0.257810764259807,-1.01137018714305,-0.860610544463141,-0.738407464879345,0.217764669485704,3.80587552322046
7,FXYD3,-0.2978790413091,-0.599625583116477,-0.503384514568566,-0.457137692806147,-0.394330470463466,2.03245646258967
7,PLIN1,-0.215519857585153,-0.368215545224929,-0.325661147366888,-0.296783240267008,-0.264094551858358,3.28288906299476
7,THRSP,-0.085607204106442,-0.926081148576585,-0.715698457802361,-0.586831029987297,0.421788441030009,2.54425290515204
7,SCNN1B,-0.682165511975238,-2.00335153502164,-1.63438917343163,-1.33459680243882,-0.324634549341228,6.47463525334591
7,COX8B,-0.0576382911730104,-0.344605764862228,-0.286094866360129,-0.256729037285543,-0.222343769696129,5.04947812081893
7,CDKN1C,-0.448121557701936,-1.12328864009976,-0.955125439455328,-0.825673132025201,-0.164624206505689,4.221423455262
7,RETN,-0.438880449886061,-0.93556440929541,-0.777694313812639,-0.689652709777831,-0.584568464551763,2.35113180262053
7,PTH1R,-0.596686624739013,-1.99755147710476,-1.30203881489722,-0.737314765132807,-0.14626501012509,3.00803196771819
7,SLC26A4,-0.858246952053974,-1.72272407777223,-1.52006004853372,-1.23600306473249,-0.630164274245379,5.13686286615624
7,PRKAR2B,-0.2813810986525,-0.517199381981446,-0.460916907073834,-0.420630806188394,-0.373655656531595,4.39818795005187
7,SLC1A3,-0.306503378571797,-0.612045198818026,-0.519884134711565,-0.475593059880834,-0.415432844240208,2.49500524141279
7,PSCA,-0.176874032744745,-0.667524503047718,-0.55408661916851,-0.480491196567708,-0.394953607916417,2.24556162856021
7,LY6D,-0.132781672980109,-0.713164082151218,-0.592767129434143,-0.515892682615036,-0.423997987628065,4.32406561984561
7,UPK3A,-0.0194927888069124,-0.546310110307027,-0.456832310825927,-0.410514013617203,-0.337405837646061,4.97682894700648
7,ADIPOQ,-0.343541339953169,-0.76926526209685,-0.644456498600495,-0.567876080343182,-0.472983521211371,1.51728521856247
7,APOD,-0.148105224613026,-0.721686122877732,-0.609603954342914,-0.53241632611271,-0.455581484502882,6.30509429681846
7,UPK1B,-0.124259244407327,-0.466750884048546,-0.391227033248377,-0.352996613556763,-0.307945574231308,6.93969987453766
7,PLIN4,0.11263292665114,-0.806885714660634,-0.648996197773223,-0.53778652901804,0.753296718776842,3.10875207217715
7,C3,-0.632681612420838,-2.14596370412143,-1.46608829051525,-0.769446758253799,-0.0841681450347886,3.91161684476579
7,CIDEA,-0.0198583883113782,-0.395181438991338,-0.327586780333761,-0.293164503971086,-0.251471008973956,3.1888373179163
1,IGFBP2,0.0923568030187879,-0.315235704878754,-0.243674533705663,-0.202914913882517,-0.175351859500399,6.96701357278757
1,ATP1A2,0.107434846760404,-0.543459522394293,-0.439376022061927,-0.381966789827818,-0.338698081492412,6.85695723125207
1,CLIC3,-0.143054230162999,-0.86010448564906,-0.705360546631054,-0.615674492973648,-0.524391929599015,6.06887697705518
1,WT1,0.00283708616943415,-0.76578727364698,-0.661535614787387,-0.575719118516126,-0.457332841731215,6.76871592224418
1,ADIG,-0.0207246347965518,-0.524199163656907,-0.416769875887,-0.358940249519792,-0.318883808048097,4.4621978015289
1,RHBG,5.07131024241528,-0.810598555548962,3.96751253487567,6.40652541237988,6.40652541237988,6.40652541237988
1,SPRR1A,-0.0346997115171443,-0.750173780201981,-0.597666504277279,-0.509199150772768,-0.430933544879175,6.86946349109237
1,CIDEC,-0.120903244674366,-0.767305315332696,-0.609578013673302,-0.522038135016168,-0.435002920245967,6.86882228017585
1,PPARG,-0.147784998270264,-0.412199760228996,-0.333880307918718,-0.286222214695395,-0.255826195461606,6.39351884327704
1,PTPRO,-0.080871624148998,-0.825286184452494,-0.696319392107153,-0.609853867234947,-0.482159223730819,6.37497403381006
1,LIPE,-0.1324579542302,-0.894022850306742,-0.681307190596142,-0.593566652144051,0.347934710529361,3.7800059794446
1,FXYD3,-0.156094968744369,-0.501641913419269,-0.401121371438444,-0.342662686712233,-0.302668860282995,5.28627648556723
1,PLIN1,-0.0798337976109947,-0.32275292496505,-0.263338482595953,-0.22865252929983,-0.205448180553139,6.18293599585183
1,THRSP,-0.282535342337167,-0.748731983024689,-0.603974603262774,-0.518450994875238,-0.439930558876423,2.21087033552161
1,SCNN1B,4.66834955843381,-1.20684353745334,3.01008781799245,5.25731903376932,6.47463525334591,6.47463525334591
1,COX8B,-0.0974489429943451,-0.283998587356609,-0.224710306944819,-0.19102472020646,-0.168121363184222,5.07891659924457
1,CDKN1C,-0.0901118481002211,-0.929623310694875,-0.757138960609797,-0.640294526539865,0.540020352823143,5.33233006515672
1,RETN,0.00170384633711523,-0.794833744037131,-0.634731333110199,-0.548792625877716,-0.406381098326081,6.84345884333599
1,PTH1R,1.29669746064157,-2.16171626307266,-0.123062958992975,1.31349263604863,2.37063907597133,6.38164824864155
1,SLC26A4,4.39499051843285,-1.19732548862387,2.33872571998214,6.48739828579469,6.48739828579469,6.48739828579469
1,PRKAR2B,-0.136771234329372,-0.455613872634791,-0.370610185126047,-0.321383868933391,-0.289140150916833,3.62972135614316
1,SLC1A3,-0.0902946488510161,-0.518215307239851,-0.424592265277996,-0.365931949394283,-0.325301655134979,5.55655163201764
1,PSCA,0.0224863852038557,-0.558335030133568,-0.439097796657556,-0.372436436003975,-0.318145371530048,6.92635861933963
1,LY6D,-0.078823603486049,-0.597995991887989,-0.47927421436661,-0.406835007271473,-0.357983593376074,6.91543269354947
1,UPK3A,-0.167182091096694,-0.453605395336569,-0.361536727929099,-0.307409329953923,-0.269162107408042,6.95035467639827
1,ADIPOQ,-0.10739007203022,-0.624096883776253,-0.523898521594425,-0.445731780524567,-0.384878499713974,5.35138552528113
1,APOD,-0.133994685586095,-0.613191070149105,-0.503670310668763,-0.431392882272386,-0.386978724483644,4.81150562090568
1,UPK1B,0.0302789817850769,-0.388505285639521,-0.309565563058456,-0.260027188328173,-0.228707557964378,5.48679267165548
1,PLIN4,-0.318751344899541,-0.682173684566968,-0.576732165333971,-0.493305355837655,-0.439238657907884,5.26264650467412
1,C3,-0.0249750378692721,-2.20084148508583,-1.104759940726,-0.190628597633896,0.678940455159126,5.42431346026555
1,CIDEA,-0.0738295418851505,-0.325154934606073,-0.256070322282761,-0.215808536048364,-0.187633101554269,5.75287254339029
0,IGFBP2,-0.0487636703876861,-0.356884458522652,-0.297199179397695,-0.256067258181622,-0.218947772577994,6.96701357278757
0,ATP1A2,-0.212563969973222,-0.598203637238663,-0.522964212698008,-0.4654313909382,-0.406192943397353,5.7225895940473
0,CLIC3,-0.350487484628371,-0.944304937939745,-0.81532025277177,-0.71373783699681,-0.574134094512669,6.78159075458016
0,WT1,-0.310668678075084,-0.865191341310279,-0.757278137492344,-0.664993598428938,-0.562519846039744,6.76871592224418
0,ADIG,-0.123774673265011,-0.581127883381471,-0.501787468229205,-0.441278127918522,-0.384102347520011,6.89461367212157
0,RHBG,-0.78944537731303,-2.19953360693226,-1.59217058364438,-1.08089220286401,-0.550583268105344,6.40652541237988
0,SPRR1A,-0.127106566248525,-0.831734192360931,-0.680035718064896,-0.589426567176284,0.361858951047615,6.86946349109237
0,CIDEC,-0.0249671923704565,-0.850842267704288,-0.722500510258534,-0.617173195090857,0.355226579922807,6.86882228017585
0,PPARG,-0.154389081146651,-0.458946434675069,-0.391926006502339,-0.3449423183098,-0.301894754272504,4.36251386095986
0,PTPRO,-0.396320031933406,-0.934007766617095,-0.805002062051573,-0.717703760384225,-0.606511393218241,4.04828754729326
0,LIPE,-0.00850632751881793,-0.975144062109096,-0.785796034636394,-0.640538413713548,0.596112345367622,6.83194815770846
0,FXYD3,-0.115465762972016,-0.5599439723336,-0.47143924080157,-0.408715477570476,-0.349260138209739,6.92859877716878
0,PLIN1,-0.0382427056256207,-0.359119335991302,-0.310483099926557,-0.273051012816191,-0.241745576890097,6.90535548085353
0,THRSP,-0.327793767451606,-0.866423948439052,-0.732526777963703,-0.621701822243892,-0.489719545888628,3.77517866009191
0,SCNN1B,-0.713726035153366,-1.97221382015125,-1.48639092235478,-1.04766422810835,-0.368283156364809,6.47463525334591
0,COX8B,-0.101332123674249,-0.319965345519251,-0.271867813933001,-0.237778279224719,-0.205975298203869,5.8359127879496
0,CDKN1C,-0.42204201124778,-1.05826516407906,-0.895928859234792,-0.779368189321855,0.0138025477129955,4.58323842935037
0,RETN,-0.143585671398748,-0.878628889797769,-0.741341028868863,-0.647206398729593,-0.475128904585242,6.84345884333599
0,PTH1R,0.884501600581264,-1.70913531305804,0.0044187907496199,0.870122056375856,1.7468861061493,5.11573403276925
0,SLC26A4,-0.171514271955388,-1.66435641279092,-1.32783812084941,-0.74187491166668,0.167504126242224,6.48739828579469
0,PRKAR2B,-0.250692197419426,-0.504920539670992,-0.437157576528143,-0.390240656348504,-0.346545824539694,3.41463276411991
0,SLC1A3,-0.241746125103995,-0.57404682395575,-0.492230561733459,-0.436887720706615,-0.38292165006281,6.89139555076314
0,PSCA,-0.123782709786287,-0.623302768597507,-0.527240377352026,-0.464053904004123,-0.386208637371949,6.92635861933963
0,LY6D,-0.126728976373062,-0.666523344515413,-0.556329002795352,-0.481752456777515,-0.390797552437868,6.91543269354947
0,UPK3A,-0.0399098224414161,-0.50876753078029,-0.427196500077488,-0.365051683480527,-0.306172094603508,6.95035467639827
0,ADIPOQ,-0.0270969922551718,-0.720343458148691,-0.613287158890016,-0.527105710912927,-0.42420801817254,6.89212506206829
0,APOD,-0.145652491508069,-0.6777455393367,-0.58315425335633,-0.513619596112677,-0.441346167526253,6.86815713875585
0,UPK1B,-0.109012329186048,-0.435049721508615,-0.369090252929209,-0.322103763615479,-0.278686613391192,6.93969987453766
0,PLIN4,-0.24833151849566,-0.787338908300515,-0.664026143062601,-0.575500574970039,-0.467661227064158,6.88594482838939
0,C3,0.12321735918655,-2.19110771522529,-0.86539854962923,-0.181697890856665,0.565796542396324,6.43095458988432
0,CIDEA,-0.0549416828264,-0.366781089611336,-0.311068075194551,-0.266696931384378,-0.22792595245299,6.95687576677534
2,IGFBP2,-0.20667563992842,-0.395346640250242,-0.334511108648518,-0.314292087367367,-0.294020973010219,2.18834448684251
2,ATP1A2,-0.424897443845053,-0.631080890176732,-0.56586919101657,-0.540781932663355,-0.514674194269946,2.83013251803718
2,CLIC3,-0.302969054792123,-1.02168150390786,-0.880114543312404,-0.812799652349236,0.266671861945415,4.76991701394714
2,WT1,-0.664516913314138,-0.933535423770376,-0.822967324018381,-0.783560688095421,-0.745708241813182,1.89988113344694
2,ADIG,-0.384602356877285,-0.633553499298212,-0.547502760027592,-0.520935714758898,-0.490606089099068,3.1712308859657
2,RHBG,-1.0457287500026,-2.230785643534,-1.65351760735276,-1.26979584778374,-0.640915263551258,3.23322094325992
2,SPRR1A,-0.451511326453941,-0.906726281531555,-0.780017032409243,-0.734907675823345,-0.671712871042356,6.86946349109237
2,CIDEC,-0.554094704619596,-0.927620475955778,-0.801123838881138,-0.752330637792167,-0.70199789445991,1.61017403589303
2,PPARG,-0.13162414025495,-0.502029350240859,-0.431899544734988,-0.409520999191555,-0.380216811912412,2.1485391269196
2,PTPRO,-0.670533451749437,-1.00867164703956,-0.887840512585747,-0.846568534512051,-0.800331766602116,2.44004885624052
2,LIPE,-0.383172778460267,-1.04426577692314,-0.915344106429549,-0.848432133512715,0.14964014643837,2.20667462764153
2,FXYD3,-0.0803239247160109,-0.590124766560731,-0.522967720386568,-0.490734656670419,-0.44362251934521,4.90735293736494
2,PLIN1,-0.286485277283433,-0.392846096742132,-0.339832609484674,-0.323966544844265,-0.308408516181177,2.64238655812677
2,THRSP,0.100623515575443,-0.947104667790591,-0.770517190922698,-0.0253708175143741,0.537199099720015,4.31919472376605
2,SCNN1B,-0.733780113635204,-1.98985537142865,-1.40361333975881,-0.9554677138221,-0.373529475861521,3.7598542441315
2,COX8B,-0.212473192159701,-0.353337077535178,-0.300622031043159,-0.284208897270825,-0.269166372620048,2.66547340794259
2,CDKN1C,-0.15893032465735,-1.11565950027822,-0.950099817457597,-0.150867089993964,0.160994577235896,3.02474989688029
2,RETN,-0.586854410907576,-0.923121887049509,-0.823999817159932,-0.778679971330927,-0.726799769661669,1.91882916653592
2,PTH1R,-2.83256055015643,-3.20010664299452,-2.96835827753885,-2.85697394484672,-2.72961565459753,-2.10300935554915
2,SLC26A4,-1.40962345050784,-1.80473642498003,-1.60921676864671,-1.53814567223962,-1.42190717843589,0.13175828809505
2,PRKAR2B,-0.0986985749811044,-0.550340121077159,-0.474771552866476,-0.446782211421203,-0.408211384989482,2.11152951676648
2,SLC1A3,0.124021649998542,-0.60757739952263,-0.526575968241996,-0.493674531144135,0.986949064426372,5.15053192002291
2,PSCA,-0.388360869074618,-0.683137275043827,-0.584927491485129,-0.554611299527446,-0.518940459149972,2.24865153582261
2,LY6D,-0.378633958795365,-0.729629313167852,-0.625724969214621,-0.590076386687539,-0.552406547119461,3.00715728955553
2,UPK3A,-0.251373470354654,-0.559565082210032,-0.475039986537702,-0.447229178133609,-0.418192827297037,2.96234368140229
2,ADIPOQ,-0.559267548925796,-0.763513998487197,-0.678753776737471,-0.646820566618517,-0.610659164238382,1.12125198444271
2,APOD,-0.437827669930857,-0.737199744889409,-0.639312264799147,-0.609006733227928,-0.571761968914374,3.59536240835802
2,UPK1B,-0.271272916152536,-0.477948494822491,-0.407553686035679,-0.386628213711823,-0.364046332240217,2.01574102999915
2,PLIN4,-0.216574911414321,-0.834475808738581,-0.714024405064414,-0.660928582599239,0.436734991535052,2.9843358985018
2,C3,-2.06842468738267,-2.51870305547957,-2.32228876499458,-2.11884961583813,-1.89652959091332,-0.955953618596381
2,CIDEA,-0.223667181033272,-0.405222884701651,-0.344419812605088,-0.32654709823671,-0.307927748735871,2.696730207634
6,IGFBP2,-0.189650700769396,-0.386659473823875,-0.340111588169898,-0.316617151809416,-0.284475324784367,4.32458791291976
6,ATP1A2,-0.341046706554444,-0.637242335266783,-0.57349380540228,-0.539158266335774,-0.493763226576769,4.18469498526312
6,CLIC3,-0.449448293601338,-1.00252061453545,-0.899609184777102,-0.828452138013975,-0.146218195086188,2.52350824239664
6,WT1,-0.564558216671092,-0.918120993500035,-0.82317937384826,-0.767523181477445,-0.699364793976688,1.03451960065225
6,ADIG,-0.325705238110294,-0.621725494888557,-0.557118406925504,-0.520583861792069,-0.476405257030733,2.92485006967641
6,RHBG,-1.41670108462324,-2.26025832706356,-1.87768881458989,-1.57021298379811,-1.14767563988004,1.32173162848477
6,SPRR1A,0.109900490488876,-0.888151548910836,-0.785288617119743,-0.711643910190503,0.223111203928512,6.86946349109237
6,CIDEC,-0.465417760969493,-0.899078180746727,-0.793808718114647,-0.737395617013057,-0.648250665501635,4.62778687019978
6,PPARG,-0.0114502482504263,-0.492306010829092,-0.437295169345513,-0.399533375830803,-0.34152675985868,2.53010612753586
6,PTPRO,-0.501729543025745,-0.991839667478615,-0.880474794589709,-0.822296987655751,-0.691727134092219,2.18837598315455
6,LIPE,-0.399761461426855,-1.05286544290403,-0.924200918801642,-0.827197160555678,0.0917359818284166,2.49236730103182
6,FXYD3,0.185266480458065,-0.59366003711389,-0.528765921273936,-0.478687483869956,-0.383840943376437,6.92859877716878
6,PLIN1,-0.300348830809548,-0.385216687574649,-0.34445422644555,-0.324533701365503,-0.297609962594781,2.14196436275057
6,THRSP,0.193464984296308,-0.927133225006722,-0.7585829228531,0.0784874195166737,0.70903042079195,3.89115303638297
6,SCNN1B,-1.12270369247468,-2.07136174221313,-1.74291981795904,-1.37825360927844,-0.760622585345745,4.99680447842656
6,COX8B,-0.184997169694164,-0.345786732243585,-0.305803687248872,-0.285759364759064,-0.25755130524449,2.94328320413062
6,CDKN1C,-0.226244476891532,-1.11353332329071,-0.982309316015057,-0.799611383816196,0.280285495582221,2.92124039721575
6,RETN,-0.494417661625774,-0.938282893886948,-0.841088854939553,-0.788245813886254,-0.692022817677488,4.58481586479353
6,PTH1R,-2.44753848088704,-3.11463029632065,-2.68984137214776,-2.53877015437878,-2.23386941982917,-1.27404780387106
6,SLC26A4,-1.35209389846757,-1.77957900898111,-1.60881179721795,-1.50485405296292,-1.05097487171164,-0.143811228493475
6,PRKAR2B,-0.0233250443909075,-0.540091407435012,-0.471563364347159,-0.434915522534835,-0.372975982392668,2.64439589320607
6,SLC1A3,0.0178777808654585,-0.61386127656658,-0.53723475516694,-0.490760482340636,-0.397836176929212,3.45761460315207
6,PSCA,0.496051551287578,-0.66830542575886,-0.576912306420873,-0.512304206573485,0.892908279930406,6.92635861933963
6,LY6D,-0.0910512016013833,-0.713987666710739,-0.618070875645817,-0.55944703852272,0.271262064673092,6.90296718935899
6,UPK3A,-0.0699426559990057,-0.546973090563252,-0.484045089516048,-0.450161347662697,-0.406946987343031,6.95035467639827
6,ADIPOQ,-0.452435211325347,-0.770129031023288,-0.688122369743606,-0.641558736084947,-0.580706777722046,2.81142830443984
6,APOD,-0.280375114524606,-0.715080349323588,-0.636123377482006,-0.59283221599854,-0.515568783173719,6.17542535928851
6,UPK1B,-0.0212520284991434,-0.467310895750314,-0.415415262134701,-0.389669442828084,-0.352163440980549,6.93969987453766
6,PLIN4,-0.0910946640735816,-0.832726831500386,-0.72798054252056,-0.647906363090581,0.482552969158049,4.80552639761635
6,C3,-1.59245726586145,-2.53320646936468,-2.17311009481174,-1.88530844082792,-1.37684608103997,1.92768765636686
6,CIDEA,-0.244525044166892,-0.396540281851028,-0.350175355411084,-0.326195059188561,-0.294975725696938,2.53413325073037
5,IGFBP2,-0.0596359459979907,-0.35501694744406,-0.27002297764077,-0.232332952469283,-0.202075388723872,6.96701357278757
5,ATP1A2,-0.127560443335772,-0.595752309999522,-0.488440035006537,-0.424715258407493,-0.383310916891006,4.19005735906124
5,CLIC3,-0.171037472306708,-0.940537716454618,-0.753806732822454,-0.663754884083183,-0.0961790760714922,3.8400523269323
5,WT1,-0.102629838061391,-0.861866948085932,-0.699743262455058,-0.622569683963075,-0.526062037397917,6.76871592224418
5,ADIG,-0.184283787546707,-0.578578683085049,-0.466988246055811,-0.406873834223449,-0.362425540277641,6.27903859848365
5,RHBG,0.0221450776571805,-1.99669090116237,-1.49866382208875,-0.736049882701174,0.822184114748491,6.14975601438547
5,SPRR1A,-0.0383418758403996,-0.826730502137055,-0.648275457881937,-0.548108434461218,0.301444304500456,6.86946349109237
5,CIDEC,-0.216350022791329,-0.847104480574991,-0.672466028598316,-0.578932971063668,-0.481609896882962,5.58763434659875
5,PPARG,-0.227118832179526,-0.456075862678701,-0.361346171672676,-0.319154885004027,-0.284722533276907,3.12282032225919
5,PTPRO,-0.00522119683376518,-0.930373861882302,-0.738443375374165,-0.647389777659989,0.3550041467621,6.76381681451484
5,LIPE,0.0750103972423563,-0.983832590058873,-0.728498633889982,-0.620934740594708,0.920543199644031,5.58767983724678
5,FXYD3,-0.135938953114658,-0.557333223454612,-0.443054669553442,-0.385154561675106,-0.339519959540608,6.92859877716878
5,PLIN1,-0.0884526508375567,-0.357485210416358,-0.283461503448723,-0.250860623762282,-0.223737377801897,4.41000677245817
5,THRSP,-0.307446801864672,-0.862493871831163,-0.654599608703582,-0.559424717053452,-0.477594633239944,3.79170990408323
5,SCNN1B,-0.00608539980064926,-1.96798407435788,-1.40422700821091,-0.544989080945008,0.805510039107587,6.47463525334591
5,COX8B,-0.0964670456257694,-0.318348792632151,-0.250965214306877,-0.215312682609414,-0.187214235125825,4.09581697839172
5,CDKN1C,-0.307157953053692,-1.05397681344156,-0.834815446903998,-0.733963094055525,-0.0527873277689035,4.08658510601184
5,RETN,-0.100761604137318,-0.874879646739338,-0.690103852286381,-0.60455603861373,-0.508236269246327,6.84345884333599
5,PTH1R,1.43914668726867,-1.67871311403759,0.293419484521009,1.25255933068176,2.40459294911736,5.25772726485215
5,SLC26A4,-0.227586166938242,-1.68629120690964,-1.27323912196073,-0.697897604697786,0.232182105538485,6.4013520134466
5,PRKAR2B,-0.207632711739097,-0.502712373925487,-0.401409063703301,-0.354016250068665,-0.317237737072918,3.00351077373331
5,SLC1A3,-0.289768238016023,-0.571546787473373,-0.462104588942859,-0.40664257082315,-0.362920645908465,4.36454748914098
5,PSCA,-0.171746207382071,-0.620393327298086,-0.483137333809467,-0.413353318253983,-0.363835534485626,6.85471423505593
5,LY6D,0.00336780622808606,-0.663454580295683,-0.514974685075503,-0.444230441825597,-0.376780703934531,6.91543269354947
5,UPK3A,-0.0480712881757362,-0.505381464328341,-0.392055154646663,-0.330393453274794,-0.290746646518388,6.95035467639827
5,ADIPOQ,-0.172927447966089,-0.717124290730762,-0.570222017313212,-0.487141052954205,-0.432943790985051,6.89212506206829
5,APOD,-0.0813402362015618,-0.674854605854408,-0.538470664150611,-0.469127032227096,-0.414651824976654,6.86815713875585
5,UPK1B,-0.0944376816912042,-0.432964702752137,-0.341763070881745,-0.295588567902275,-0.259202714971445,5.17078525733529
5,PLIN4,-0.295441934092071,-0.782519010998756,-0.617539014340164,-0.534079340246232,-0.470692811821849,4.58430466958802
5,C3,3.09492928143343,-1.79997620752453,0.662170630831661,2.5953881191774,6.43095458988432,6.43095458988432
5,CIDEA,0.000923618254789335,-0.364914580275625,-0.279513679841445,-0.237878259667365,-0.208872559149237,6.95687576677534
3,IGFBP2,-0.177655082508907,-0.38965081294452,-0.358716802447943,-0.343041972775454,-0.318685432675555,4.57094265506247
3,ATP1A2,-0.424619800755101,-0.649792164365508,-0.600918323667897,-0.579907222551695,-0.545187034665131,4.17416083652309
3,CLIC3,-0.711033511167696,-1.02348390393204,-0.941386408812582,-0.900600216412423,-0.830864414180472,1.13103908938337
3,WT1,-0.671319253456034,-0.935129003362733,-0.86352239244532,-0.831166614011485,-0.779756283254313,1.63223030566134
3,ADIG,-0.437273425510026,-0.625799223175341,-0.583628754456047,-0.561310422653579,-0.525995564638161,2.5060813887253
3,RHBG,-1.6752563283319,-2.32659361571381,-2.0835012113666,-1.82623115696077,-1.45195452800531,2.68602119706756
3,SPRR1A,-0.441947925024296,-0.908473701422453,-0.829901792826067,-0.787550411667237,-0.685540149477559,6.86946349109237
3,CIDEC,-0.368827757293661,-0.916276796716347,-0.834217144935849,-0.787474907782456,0.149541635712329,2.22658780730845
3,PPARG,-0.0865122230110453,-0.503034816921582,-0.458520585245698,-0.436538130956838,-0.403745868670232,3.78675329656089
3,PTPRO,-0.673602097439765,-1.01041149028736,-0.933497941374822,-0.89647880226197,-0.824622257075042,2.17675963013505
3,LIPE,-0.574788959087386,-1.07617340781482,-0.977468255142756,-0.916745364254829,-0.11068470279251,1.88980389425183
3,FXYD3,-0.268121635727539,-0.614888370644661,-0.559577681393608,-0.53532547807078,-0.492858138096088,3.63434557917314
3,PLIN1,-0.292126441760182,-0.393635622142477,-0.361771989294294,-0.349348563028359,-0.331504888335459,2.60586502677657
3,THRSP,-0.175736013806472,-0.93519045696195,-0.822111919771783,-0.711237966298931,0.18435844714179,3.73834308929039
3,SCNN1B,-1.3614140568046,-2.07676558183164,-1.92088274783496,-1.55931114266327,-1.11713088256093,1.59639522152436
3,COX8B,-0.219230727523057,-0.354118461462012,-0.32175623715932,-0.308390246865064,-0.291087179857074,2.70500169070708
3,CDKN1C,-0.728026728627758,-1.14821226843209,-1.06010516175735,-1.00515953136069,-0.295190110280582,1.11637665706115
3,RETN,-0.655672148042526,-0.957434005816432,-0.878102888591887,-0.836365735606443,-0.765735904889662,1.60087287713409
3,PTH1R,-1.51020525148514,-2.42764098081323,-1.82979380170303,-1.52065490464414,-1.18805787108609,-0.0419341879206024
3,SLC26A4,-1.30664050276638,-1.80732696489109,-1.6737512139596,-1.59300356722825,-1.05723266963159,2.45439086808688
3,PRKAR2B,-0.132483170400445,-0.551399847856457,-0.504471482270498,-0.484099246514461,-0.446694432689067,3.25011130499898
3,SLC1A3,-0.378100191834741,-0.626660458216654,-0.573696066416989,-0.553243215173974,-0.51455914608012,2.45434995134553
3,PSCA,-0.320205017426626,-0.672279221818075,-0.620906034357997,-0.589566436399598,-0.535796435708229,2.94613588584214
3,LY6D,-0.382711401129594,-0.731101218424316,-0.664145895648897,-0.632802476131199,-0.575883054716861,4.37122919790719
3,UPK3A,-0.293009009328572,-0.552051618407012,-0.509827559458275,-0.488755624678545,-0.45091052198967,5.01810449640548
3,ADIPOQ,-0.507670169652162,-0.776745383376705,-0.719891807846417,-0.687397179038917,-0.6376211693385,3.06847946579349
3,APOD,-0.391916874213866,-0.738586632960582,-0.675505859071758,-0.646805092801568,-0.590795724066479,2.31215643680622
3,UPK1B,-0.192072027860628,-0.471600893082054,-0.434918432662155,-0.417702102408207,-0.386013069222772,3.3382234151747
3,PLIN4,-0.00329394419015185,-0.861282184054112,-0.762577537817004,-0.674029295272793,0.444559605775273,4.06118169352174
3,C3,-1.46549481875972,-2.60432740701752,-1.99293941441493,-1.67103513802056,-1.22136993296135,2.50116022836401
3,CIDEA,-0.239672145891695,-0.406120957703243,-0.368848417741675,-0.352855616236389,-0.327733264294007,1.84578356747347
9,IGFBP2,-0.117385790312205,-0.301257380247969,-0.248412788721913,-0.227353756520423,-0.186301666495914,3.33937633128355
9,ATP1A2,0.432152251233059,-0.515658375042112,-0.452534284206305,-0.391190890108248,1.65021590052939,5.76597435037833
9,CLIC3,4.2737794922782,-0.727645796948274,1.64328815369351,5.74767090905402,6.78159075458016,6.78159075458016
9,WT1,4.34043095965519,-0.693685849922965,1.98861538092928,6.08497906096571,6.76871592224418,6.76871592224418
9,ADIG,-0.0450794534784389,-0.495290000922089,-0.431851853351742,-0.401847973555271,-0.339746365869264,3.15206701378651
9,RHBG,0.927913336723363,-1.9205720427418,-0.79236993096258,0.241252089156749,2.12066618452671,6.40652541237988
9,SPRR1A,-0.0487668716245867,-0.722736920868517,-0.616098276154146,-0.559377268246479,-0.458061740433287,5.33731190907403
9,CIDEC,-0.188730335043507,-0.724852628694162,-0.627581775840497,-0.560831955863585,-0.461389947646379,2.32421911851883
9,PPARG,-0.195384391108317,-0.39648911003682,-0.338271900848471,-0.314615187855224,-0.269629310561591,3.43970587561892
9,PTPRO,4.8044111709047,-0.733916760243179,2.61335894552124,6.59153770829177,6.76381681451484,6.76381681451484
9,LIPE,0.081972103735243,-0.862334394345223,-0.71910500753174,-0.591110808097655,0.830648642398429,3.17857779971983
9,FXYD3,0.00186035092831097,-0.482039433631301,-0.407075804583754,-0.372863901150217,-0.304380586979048,5.20091170563559
9,PLIN1,-0.243614575155183,-0.310584241637966,-0.265726329166131,-0.248438589404477,-0.215389192980552,-0.180022862948683
9,THRSP,-0.142803652228029,-0.748959381943808,-0.620044386328966,-0.533860567784229,-0.456288951619892,2.45026144022224
9,SCNN1B,0.369271830610793,-1.69476410236376,-1.29097683290043,-0.479799523469456,1.13236441999549,6.47463525334591
9,COX8B,-0.0320260266642088,-0.265840603848928,-0.227077487199205,-0.209737553827666,-0.173837866946845,5.8697585053152
9,CDKN1C,4.11305065740806,-0.836485358752553,1.73223287836043,4.61957224769595,6.78139624580851,6.78139624580851
9,RETN,-0.258803051100793,-0.723264387185425,-0.657026754837796,-0.601089943969164,-0.50108503797861,2.96766467977095
9,PTH1R,0.946721743154251,-1.38472131169327,-0.119466033535126,0.638013957966523,2.0166084562489,4.54328255747409
9,SLC26A4,0.749593341715978,-1.42969782847173,-1.17381458992036,-0.350463317687291,1.48963235261902,6.48739828579469
9,PRKAR2B,-0.11327928618569,-0.430578938655376,-0.374597257077106,-0.348868256352232,-0.297483444625053,4.85365058280979
9,SLC1A3,-0.251086631009705,-0.489862480329145,-0.42832550836592,-0.398447685392529,-0.342767733195202,2.95274809639245
9,PSCA,-0.200020921021054,-0.536495063905498,-0.453800548570429,-0.420800293009517,-0.349327779718001,2.56960139743678
9,LY6D,0.080062045841638,-0.574959611433288,-0.486908781676356,-0.437835381821517,-0.351046949069901,5.23244833591588
9,UPK3A,-0.0582598984798576,-0.43505725161318,-0.3619872571138,-0.328516651415937,-0.272626139133262,3.00630877545824
9,ADIPOQ,-0.166029683002611,-0.624282587657269,-0.532785763923873,-0.482467432747847,-0.399939735725739,2.20497759243699
9,APOD,0.0486003374251682,-0.580417234216822,-0.506369857699309,-0.462278465565357,-0.386653473390251,6.86815713875585
9,UPK1B,0.244779194037217,-0.372863145479758,-0.313637747142314,-0.286861205875737,-0.236014848846752,6.93969987453766
9,PLIN4,-0.0575397842653293,-0.668897629332235,-0.574311137601319,-0.497247989547975,-0.425729017039201,6.01284435931861
9,C3,0.847733542324473,-2.05859204042095,-0.470101121993979,0.287085513620247,1.65957021880957,6.43095458988432
9,CIDEA,-0.0143140766863789,-0.311184314668131,-0.25884026523864,-0.237482806426094,-0.196294196882504,4.44575456222518
10,IGFBP2,2.75817134924848,-0.253883328735918,-0.16625142804169,-0.125001043362288,6.96701357278757,6.96701357278757
10,ATP1A2,4.88715792040744,-0.617325652110051,3.17594658932102,6.85695723125207,6.85695723125207,6.85695723125207
10,CLIC3,-0.371730557732167,-0.973678216680442,-0.682286450326671,-0.572250818808559,-0.498018597233218,2.40530212692599
10,WT1,-0.336910481223087,-0.891121028902238,-0.647132762599483,-0.554122976831402,-0.464157413875525,2.39328481192851
10,ADIG,6.13156164039827,-0.261682243613729,6.89461367212157,6.89461367212157,6.89461367212157,6.89461367212157
10,RHBG,-0.59420678303938,-2.00364225744282,-1.59102899532355,-1.27302852886094,-0.0449956928904867,6.40652541237988
10,SPRR1A,3.32889543442027,-0.629595778276049,-0.40236131623943,3.02801653467684,6.86946349109237,6.86946349109237
10,CIDEC,6.60373771974968,2.03754527115677,6.86882228017585,6.86882228017585,6.86882228017585,6.86882228017585
10,PPARG,4.36804074063009,-0.371538697955486,-0.160389159165355,6.91785327520482,6.91785327520482,6.91785327520482
10,PTPRO,-0.368363526469719,-0.962345328101938,-0.722354770822193,-0.628885569256145,-0.503872714141182,2.57633320875386
10,LIPE,5.33965249649142,-1.01898138519212,4.57115849086629,6.83194815770846,6.83194815770846,6.83194815770846
10,FXYD3,2.83065453630736,-0.415485667471228,-0.283113199358819,-0.180328301531735,6.92859877716878,6.92859877716878
10,PLIN1,4.89197392348987,-0.371188601273676,3.05387097509476,6.90535548085353,6.90535548085353,6.90535548085353
10,THRSP,4.86336344399213,-0.897060972084021,3.60002872379059,6.89430264717324,6.89430264717324,6.89430264717324
10,SCNN1B,-0.565942805472983,-1.65235531382908,-1.23583531453633,-0.890713771753736,-0.0709214493544184,3.904535254471
10,COX8B,3.89068517385627,-0.332595109957834,-0.132594434540219,6.88992348546898,6.93965251776233,6.93965251776233
10,CDKN1C,-0.186638640604791,-1.08985656926166,-0.754572572026465,-0.597063788115001,-0.297506115019387,2.51907424977488
10,RETN,6.59995386141336,0.0614463950985434,6.84345884333599,6.84345884333599,6.84345884333599,6.84345884333599
10,PTH1R,-1.12961309951708,-2.94036311746201,-2.44836699558666,-1.33170600965672,-0.403478212705113,3.41001291070191
10,SLC26A4,-0.857688057433517,-1.73274433443593,-1.24652143534698,-1.09320624352799,-0.942758697888003,3.72476931817886
10,PRKAR2B,4.93288526002042,-0.308875910759325,3.41245956450084,6.27360353608949,6.89753283977209,6.89753283977209
10,SLC1A3,5.40027748591053,-0.469620227477165,4.15294792545313,6.89139555076314,6.89139555076314,6.89139555076314
10,PSCA,2.66867504521137,-0.462369380874976,-0.315012487570272,1.79146581576238,6.92635861933963,6.92635861933963
10,LY6D,3.27890981649727,-0.496782147996571,-0.305797836775063,2.69129299307282,6.91543269354947,6.91543269354947
10,UPK3A,2.97848164925844,-0.372075087218343,-0.240228294491381,2.31453300973317,6.95035467639827,6.95035467639827
10,ADIPOQ,6.57677343689394,1.52292481075158,6.89212506206829,6.89212506206829,6.89212506206829,6.89212506206829
10,APOD,5.02930520860872,-0.36422848343286,3.5240371439878,6.86815713875585,6.86815713875585,6.86815713875585
10,UPK1B,2.74805844084494,-0.319775371520778,-0.227651403476608,-0.174794671005802,6.93969987453766,6.93969987453766
10,PLIN4,5.16833628712892,-0.360420358858115,3.67829537032975,6.88594482838939,6.88594482838939,6.88594482838939
10,C3,4.33211257597577,-2.36402986061021,2.98408236118341,5.74220241375912,6.43095458988432,6.43095458988432
10,CIDEA,3.10916861031697,-0.242574861288668,-0.162756940313659,1.79000988408295,6.95687576677534,6.95687576677534
